[{"model": "auth.user", "pk": 1, "fields": {"password": "pbkdf2_sha256$260000$1dWmDpK3VG0gZEMecDQHDm$VmOB0WmbAl4KZ1L3dK8fI5xFRnQW9rLOQl9iT5JDZs0=", "last_login": "2022-03-18T15:54:09Z", "is_superuser": true, "username": "admin", "first_name": "", "last_name": "", "email": "", "is_staff": true, "is_active": true, "date_joined": "2022-03-18T15:53:53Z", "groups": [], "user_permissions": []}}, {"model": "articles.article", "pk": 1, "fields": {"user": 1, "updated_by": 1, "title": "Hello World", "slug": "hello-world", "content": "Welcome to CFE Django Blog\r\n\r\n\r\nI wanted an easy way to launch a blog project from Django at anytime. That's what this is all about.\r\n\r\nI'll continue to update the code on [github](https://github.com/codingforentrepreneurs/cfe-django-blog) to get it as production-ready as possible!\r\n\r\n\r\n\r\n- Photo by: [Vladislav Klapin](https://unsplash.com/photos/PVr9Gsj93Pc?utm_source=unsplash&utm_medium=referral&utm_content=creditShareLink)", "image": "articles/hello-world/07472194-a6d5-11ec-887f-acde48001122.jpg", "publish_status": "pub", "publish_timestamp": "2022-03-18T16:04:02.198Z", "user_publish_timestamp": null, "timestamp": "2022-03-18T16:04:02.200Z", "updated": "2022-03-18T16:49:46.327Z"}}, {"model": "articles.article", "pk": 2, "fields": {"user": 1, "updated_by": 1, "title": "Draft Post", "slug": "draft-post", "content": "This is an example Draft Post.", "image": "", "publish_status": "dra", "publish_timestamp": null, "user_publish_timestamp": null, "timestamp": "2022-03-18T16:19:35.781Z", "updated": "2022-03-18T16:49:49.954Z"}}, {"model": "articles.article", "pk": 3, "fields": {"user": 1, "updated_by": 1, "title": "Pending Publish Post", "slug": "pending-publish-post", "content": "This post will be published in 100 years. Excited to see it live!", "image": "", "publish_status": "pub", "publish_timestamp": "2122-03-18T16:20:00Z", "user_publish_timestamp": "2122-03-18T16:20:00Z", "timestamp": "2022-03-18T16:20:05.827Z", "updated": "2022-03-18T16:49:39.189Z"}}]